GPU_Utilization (%),Power_Consumption (kW),Machine_Temperature (°C),Ambient_Temperature (°C),Humidity (%),Active_Servers,Water_Consumption (L/hr),Season_Monsoon,Season_Spring,Season_Summer,Season_Winter,Cooling_Method_Evaporative,Cooling_Method_Liquid
62,100,67,28,52,41,600,False,False,False,False,False,True
49,100,54,26,55,28,522,False,False,False,False,False,False
56,100,62,30,51,35,600,False,True,False,False,False,True
71,100,74,32,81,47,600,True,False,False,False,False,True
70,100,69,30,52,48,600,False,True,False,False,False,True
72,102,80,35,43,64,600,False,False,True,False,True,False
76,100,75,32,84,57,600,True,False,False,False,True,False
47,100,61,27,59,32,600,False,True,False,False,False,False
69,100,70,31,76,43,600,True,False,False,False,False,True
84,105,85,37,40,83,600,False,False,True,False,True,False
71,100,77,32,81,59,600,True,False,False,False,True,False
44,100,60,29,48,30,600,False,True,False,False,False,False
69,100,69,28,74,45,600,True,False,False,False,False,True
75,100,73,35,40,49,600,False,False,True,False,False,True
84,113,81,33,40,64,600,False,False,True,False,True,False
68,100,66,31,53,39,600,False,False,False,False,False,True
43,100,49,22,55,21,437,False,False,False,True,False,False
75,100,75,33,40,55,600,False,False,True,False,False,True
93,102,79,39,40,70,600,False,False,True,False,True,False
47,100,59,29,55,28,600,False,True,False,False,False,False
66,100,66,29,49,41,600,False,True,False,False,False,True
56,100,69,33,81,41,600,True,False,False,False,False,True
71,100,74,33,74,57,600,True,False,False,False,True,False
75,100,80,35,43,62,600,False,False,True,False,True,False
59,100,68,30,51,45,600,False,True,False,False,False,True
94,114,85,38,40,72,600,False,False,True,False,True,False
69,100,77,34,77,60,600,True,False,False,False,True,False
42,100,51,25,65,19,432,False,False,False,True,False,False
66,100,67,32,73,43,600,True,False,False,False,False,True
100,105,86,38,30,88,600,False,False,True,False,True,False
37,100,53,23,54,24,469,False,False,False,True,False,False
91,125,85,39,40,81,600,False,False,True,False,True,False
44,100,62,29,60,35,600,False,True,False,False,False,False
41,100,54,26,59,28,563,False,False,False,False,False,False
90,100,82,35,37,60,600,False,False,True,False,True,False
54,100,60,30,67,34,600,True,False,False,False,False,False
74,100,82,36,46,61,600,False,False,True,False,True,False
58,100,63,30,76,35,600,True,False,False,False,False,False
72,100,72,30,42,46,600,False,False,False,False,False,True
57,100,68,30,72,42,600,True,False,False,False,False,True
63,100,65,27,45,38,600,False,False,False,False,False,True
56,100,64,28,55,41,600,False,True,False,False,False,True
95,107,82,39,35,75,600,False,False,True,False,True,False
59,100,70,29,71,45,600,True,False,False,False,False,True
80,100,78,34,47,58,600,False,False,True,False,True,False
33,100,48,23,65,20,428,False,False,False,True,False,False
73,105,78,36,38,63,600,False,False,True,False,True,False
71,100,69,33,52,45,600,False,False,False,False,False,True
66,100,74,33,40,53,600,False,False,True,False,False,True
100,124,88,40,32,82,600,False,False,True,False,True,False
60,100,69,31,74,42,600,True,False,False,False,False,True
43,100,55,25,55,23,516,False,False,False,False,False,False
98,104,85,40,31,79,600,False,False,True,False,True,False
69,100,70,32,52,47,600,False,True,False,False,False,True
57,100,67,29,49,41,600,False,False,False,False,False,True
47,100,54,27,52,28,540,False,False,False,False,False,False
83,100,78,33,82,54,600,True,False,False,False,True,False
42,100,59,29,51,29,600,False,True,False,False,False,False
57,100,70,33,48,48,600,False,False,True,False,False,True
69,103,71,32,48,49,600,False,False,True,False,False,True
77,100,81,36,46,58,600,False,False,True,False,True,False
71,100,67,32,81,43,600,True,False,False,False,False,True
67,100,71,34,46,55,600,False,False,True,False,False,True
41,100,48,22,65,21,403,False,False,False,True,False,False
55,100,64,30,73,37,600,True,False,False,False,False,False
89,111,87,41,31,80,600,False,False,True,False,True,False
85,106,78,34,44,61,600,False,False,True,False,True,False
81,100,74,33,75,54,600,True,False,False,False,True,False
68,100,76,31,43,54,600,False,False,True,False,False,True
83,119,84,40,37,70,600,False,False,True,False,True,False
87,100,80,37,41,61,600,False,False,True,False,True,False
66,100,73,30,77,47,600,True,False,False,False,False,True
69,100,69,32,49,49,600,False,False,False,False,False,True
77,100,73,35,42,55,600,False,False,True,False,False,True
62,100,67,29,56,39,600,False,False,False,False,False,True
76,102,75,35,50,54,600,False,False,True,False,False,True
51,100,61,27,72,32,600,True,False,False,False,False,False
48,100,55,25,52,24,503,False,False,False,False,False,False
43,100,55,25,51,31,558,False,False,False,False,False,False
57,100,69,32,53,48,600,False,False,True,False,False,True
60,100,66,33,80,45,600,True,False,False,False,False,True
67,100,71,31,52,47,600,False,True,False,False,False,True
48,100,58,27,53,30,600,False,True,False,False,False,False
83,106,83,39,39,77,600,False,False,True,False,True,False
76,100,81,33,45,63,600,False,False,True,False,True,False
41,100,56,28,51,27,579,False,False,False,False,False,False
72,103,76,32,77,54,600,True,False,False,False,True,False
52,100,65,30,46,37,600,False,False,False,False,False,True
52,100,57,25,56,27,513,False,False,False,False,False,False
53,100,55,25,50,24,518,False,False,False,False,False,False
62,100,67,31,77,40,600,True,False,False,False,False,True
64,100,75,35,45,52,600,False,False,True,False,False,True
62,100,66,30,43,46,600,False,False,True,False,False,True
86,110,76,33,82,60,600,True,False,False,False,True,False
54,100,66,31,79,43,600,True,False,False,False,False,True
76,100,79,31,86,56,600,True,False,False,False,True,False
76,109,81,36,39,61,600,False,False,True,False,True,False
38,100,56,25,57,26,517,False,False,False,False,False,False
63,100,63,29,76,36,600,True,False,False,False,False,False
86,112,85,41,33,78,600,False,False,True,False,True,False
81,105,83,38,40,67,600,False,False,True,False,True,False
58,100,60,25,53,31,600,False,True,False,False,False,False
48,100,56,23,55,26,481,False,False,False,True,False,False
92,133,84,40,33,78,600,False,False,True,False,True,False
73,100,77,38,44,63,600,False,False,True,False,False,True
71,100,70,31,48,49,600,False,True,False,False,False,True
52,100,57,27,49,27,600,False,True,False,False,False,False
80,118,84,38,34,72,600,False,False,True,False,True,False
42,100,46,22,58,20,392,False,False,False,True,False,False
65,100,69,33,80,46,600,True,False,False,False,False,True
93,129,84,38,35,82,600,False,False,True,False,True,False
42,100,53,23,56,25,485,False,False,False,True,False,False
48,100,55,22,58,27,485,False,False,False,True,False,False
85,100,79,32,87,61,600,True,False,False,False,True,False
57,100,65,30,76,39,600,True,False,False,False,False,True
72,100,77,34,44,58,600,False,False,True,False,True,False
74,100,74,33,79,49,600,True,False,False,False,False,True
64,100,70,32,82,49,600,True,False,False,False,False,True
82,100,77,35,79,56,600,True,False,False,False,True,False
79,100,79,35,43,58,600,False,False,True,False,True,False
54,100,64,30,54,42,600,False,False,False,False,False,True
85,120,84,41,35,77,600,False,False,True,False,True,False
62,100,70,31,43,48,600,False,False,False,False,False,True
53,100,66,30,50,41,600,False,True,False,False,False,True
62,100,69,29,44,46,600,False,False,False,False,False,True
51,100,64,27,69,35,600,True,False,False,False,False,False
69,100,71,33,41,51,600,False,False,True,False,False,True
72,110,76,31,87,56,600,True,False,False,False,True,False
68,100,70,33,43,49,600,False,False,False,False,False,True
66,100,64,31,68,40,600,True,False,False,False,False,False
79,100,79,39,44,71,600,False,False,True,False,True,False
48,100,55,24,57,29,535,False,False,False,False,False,False
44,100,48,22,55,21,428,False,False,False,True,False,False
85,100,77,34,79,60,600,True,False,False,False,True,False
75,100,82,36,46,61,600,False,False,True,False,True,False
59,100,67,26,48,42,600,False,False,False,False,False,True
64,100,67,28,46,39,600,False,False,False,False,False,True
87,120,85,38,37,75,600,False,False,True,False,True,False
85,110,83,39,44,73,600,False,False,True,False,True,False
57,100,68,27,48,38,600,False,False,False,False,False,True
80,109,76,33,83,60,600,True,False,False,False,True,False
74,107,80,35,43,65,600,False,False,True,False,True,False
85,112,78,38,47,63,600,False,False,True,False,False,True
79,108,79,36,40,63,600,False,False,True,False,True,False
79,104,77,32,46,57,600,False,False,True,False,False,True
44,100,48,24,60,19,406,False,False,False,True,False,False
67,100,73,34,77,50,600,True,False,False,False,False,True
35,100,52,22,56,17,419,False,False,False,True,False,False
58,100,61,26,48,31,600,False,True,False,False,False,False
69,100,72,33,75,49,600,True,False,False,False,False,True
44,100,55,23,53,25,537,False,False,False,False,False,False
75,100,77,33,77,59,600,True,False,False,False,True,False
75,107,79,36,42,63,600,False,False,True,False,True,False
71,105,75,36,76,59,600,True,False,False,False,True,False
80,105,78,36,79,57,600,True,False,False,False,True,False
87,100,78,38,38,63,600,False,False,True,False,True,False
61,100,67,32,50,46,600,False,True,False,False,False,True
95,109,84,38,37,73,600,False,False,True,False,True,False
56,100,63,29,51,39,600,False,True,False,False,False,True
39,100,52,25,55,28,470,False,False,False,True,False,False
90,114,79,35,37,68,600,False,False,True,False,True,False
53,100,61,27,75,34,600,True,False,False,False,False,False
48,100,55,24,59,26,496,False,False,False,True,False,False
57,100,66,27,48,37,600,False,False,False,False,False,True
73,100,72,35,47,49,600,False,False,True,False,False,True
61,100,67,30,72,42,600,True,False,False,False,False,True
50,100,58,26,55,28,600,False,True,False,False,False,False
55,100,61,29,54,35,600,False,True,False,False,False,False
68,100,65,28,75,45,600,True,False,False,False,False,True
51,100,58,28,57,32,600,False,True,False,False,False,False
52,100,61,27,56,32,600,False,True,False,False,False,False
47,100,53,23,60,24,497,False,False,False,True,False,False
72,100,70,29,48,47,600,False,False,True,False,False,True
62,100,66,30,49,47,600,False,False,True,False,False,True
87,123,83,39,35,72,600,False,False,True,False,True,False
52,100,57,26,53,26,570,False,False,False,False,False,False
53,100,66,27,56,41,600,False,False,False,False,False,True
90,131,86,39,33,78,600,False,False,True,False,True,False
40,100,53,22,55,22,496,False,False,False,True,False,False
54,100,57,27,49,28,573,False,False,False,False,False,False
39,100,46,20,55,17,381,False,False,False,True,False,False
78,102,77,34,38,63,600,False,False,True,False,True,False
66,100,64,31,72,38,600,True,False,False,False,False,False
44,100,58,29,51,33,600,False,True,False,False,False,False
49,100,54,27,50,28,563,False,False,False,False,False,False
92,110,86,37,35,79,600,False,False,True,False,True,False
76,100,71,36,49,55,600,False,False,True,False,False,True
82,100,75,32,42,54,600,False,False,True,False,False,True
42,100,48,20,53,19,367,False,False,False,True,False,False
62,100,72,31,45,51,600,False,False,False,False,False,True
54,100,67,26,47,39,600,False,False,False,False,False,True
42,100,55,23,52,23,504,False,False,False,False,False,False
61,100,68,29,53,43,600,False,True,False,False,False,True
87,117,83,36,43,67,600,False,False,True,False,True,False
89,102,79,33,41,65,600,False,False,True,False,True,False
60,100,67,26,49,39,600,False,False,False,False,False,True
91,109,80,37,36,70,600,False,False,True,False,True,False
49,100,61,28,71,32,600,True,False,False,False,False,False
57,100,67,29,47,44,600,False,False,True,False,False,True
51,100,60,29,48,27,600,False,True,False,False,False,False
73,100,77,35,40,58,600,False,False,True,False,True,False
67,100,66,29,76,39,600,True,False,False,False,False,True
80,102,74,33,43,52,600,False,False,True,False,False,True
64,100,70,33,52,51,600,False,False,False,False,False,True
66,100,63,29,67,37,600,True,False,False,False,False,False
67,100,66,31,54,40,600,False,False,False,False,False,True
62,100,66,29,53,43,600,False,False,True,False,False,True
51,100,57,26,52,24,522,False,False,False,False,False,False
92,113,85,38,43,71,600,False,False,True,False,True,False
64,100,70,30,47,47,600,False,True,False,False,False,True
50,100,61,28,52,30,600,False,True,False,False,False,False
96,116,89,39,37,85,600,False,False,True,False,True,False
89,118,87,39,30,87,600,False,False,True,False,True,False
57,100,65,29,78,40,600,True,False,False,False,False,True
67,100,72,33,44,55,600,False,False,True,False,False,True
45,100,57,29,54,27,600,False,True,False,False,False,False
55,100,68,30,52,41,600,False,False,False,False,False,True
44,100,57,25,54,23,538,False,False,False,False,False,False
64,100,72,32,78,47,600,True,False,False,False,False,True
64,100,74,33,78,53,600,True,False,False,False,False,True
98,130,86,41,36,87,600,False,False,True,False,True,False
65,100,66,28,48,36,600,False,True,False,False,False,True
73,100,75,33,77,55,600,True,False,False,False,True,False
60,100,66,28,54,38,600,False,True,False,False,False,True
73,100,70,29,46,42,600,False,False,True,False,False,True
58,100,66,31,55,42,600,False,False,False,False,False,True
45,100,55,26,52,27,557,False,False,False,False,False,False
83,100,76,33,78,59,600,True,False,False,False,True,False
61,100,66,31,78,41,600,True,False,False,False,False,True
87,100,80,34,45,57,600,False,False,True,False,False,True
44,100,61,26,52,31,600,False,True,False,False,False,False
59,100,64,30,74,36,600,True,False,False,False,False,False
52,100,64,27,51,40,600,False,False,False,False,False,True
75,100,69,30,46,48,600,False,False,False,False,False,True
99,106,87,41,37,82,600,False,False,True,False,True,False
48,100,50,23,57,18,437,False,False,False,True,False,False
68,100,69,31,45,45,600,False,False,False,False,False,True
55,100,65,28,45,36,600,False,True,False,False,False,True
75,100,76,33,84,59,600,True,False,False,False,True,False
34,100,53,23,54,27,485,False,False,False,True,False,False
75,106,78,33,82,57,600,True,False,False,False,True,False
58,100,65,31,47,37,600,False,True,False,False,False,True
61,100,68,30,73,42,600,True,False,False,False,False,True
56,100,67,29,49,39,600,False,False,False,False,False,True
37,100,48,23,55,17,404,False,False,False,True,False,False
61,100,65,28,73,34,600,True,False,False,False,False,False
54,100,64,31,51,41,600,False,False,False,False,False,True
72,104,79,32,80,55,600,True,False,False,False,True,False
79,100,81,33,42,60,600,False,False,True,False,True,False
44,100,60,26,52,29,600,False,True,False,False,False,False
74,100,72,34,47,53,600,False,False,True,False,False,True
51,100,58,28,52,28,553,False,False,False,False,False,False
53,100,54,26,56,30,566,False,False,False,False,False,False
63,100,65,28,50,39,600,False,True,False,False,False,True
52,100,64,28,74,33,600,True,False,False,False,False,False
71,100,66,30,45,47,600,False,False,True,False,False,True
67,100,70,31,81,41,600,True,False,False,False,False,True
76,100,70,30,78,52,600,True,False,False,False,False,True
56,100,62,27,74,39,600,True,False,False,False,False,False
50,100,56,23,55,26,516,False,False,False,False,False,False
98,109,86,41,37,81,600,False,False,True,False,True,False
58,100,63,26,73,38,600,True,False,False,False,False,False
42,100,53,24,58,27,515,False,False,False,False,False,False
82,108,80,35,35,67,600,False,False,True,False,True,False
70,100,67,32,81,47,600,True,False,False,False,False,True
43,100,52,25,51,28,470,False,False,False,True,False,False
63,100,68,28,50,45,600,False,True,False,False,False,True
66,100,69,28,50,48,600,False,True,False,False,False,True
83,100,78,35,84,57,600,True,False,False,False,True,False
69,100,64,30,54,44,600,False,False,False,False,False,True
85,100,77,37,42,59,600,False,False,True,False,False,True
94,119,82,37,40,75,600,False,False,True,False,True,False
40,100,54,27,53,27,563,False,False,False,False,False,False
65,100,67,32,80,46,600,True,False,False,False,False,True
91,104,83,36,39,71,600,False,False,True,False,True,False
41,100,54,25,51,25,567,False,False,False,False,False,False
57,100,64,27,54,42,600,False,False,False,False,False,True
83,107,78,34,36,61,600,False,False,True,False,True,False
54,100,62,29,48,35,600,False,True,False,False,False,True
84,112,83,38,44,73,600,False,False,True,False,True,False
88,122,82,39,42,73,600,False,False,True,False,True,False
62,100,66,29,46,40,600,False,False,False,False,False,True
83,100,78,37,39,61,600,False,False,True,False,False,True
85,112,88,38,39,77,600,False,False,True,False,True,False
43,100,49,24,61,22,429,False,False,False,True,False,False
56,100,68,32,72,47,600,True,False,False,False,False,True
95,103,85,39,44,71,600,False,False,True,False,True,False
83,100,80,37,45,60,600,False,False,True,False,False,True
89,100,79,36,43,66,600,False,False,True,False,True,False
74,100,72,32,80,53,600,True,False,False,False,False,True
46,100,58,26,50,27,554,False,False,False,False,False,False
61,100,64,30,55,40,600,False,False,False,False,False,True
80,109,80,36,42,62,600,False,False,True,False,False,True
89,100,84,37,34,77,600,False,False,True,False,True,False
71,105,79,31,80,57,600,True,False,False,False,True,False
97,128,84,38,38,82,600,False,False,True,False,True,False
92,117,90,40,31,85,600,False,False,True,False,True,False
56,100,70,29,71,41,600,True,False,False,False,False,True
60,100,70,32,47,49,600,False,False,False,False,False,True
61,100,67,32,54,48,600,False,True,False,False,False,True
83,113,86,41,41,76,600,False,False,True,False,True,False
37,100,46,22,53,20,366,False,False,False,True,False,False
70,100,66,31,76,43,600,True,False,False,False,False,True
56,100,61,26,67,36,600,True,False,False,False,False,False
67,100,72,30,81,50,600,True,False,False,False,False,True
78,100,74,32,47,58,600,False,False,True,False,False,True
78,100,74,33,78,48,600,True,False,False,False,False,True
62,100,65,30,48,39,600,False,False,False,False,False,True
86,108,75,34,80,57,600,True,False,False,False,True,False
51,100,54,26,58,26,515,False,False,False,False,False,False
61,100,66,28,79,43,600,True,False,False,False,False,True
95,107,88,38,38,87,600,False,False,True,False,True,False
84,101,77,32,82,57,600,True,False,False,False,True,False
53,100,62,29,58,32,600,False,True,False,False,False,False
49,100,62,26,73,34,600,True,False,False,False,False,False
68,100,70,31,72,44,600,True,False,False,False,False,True
99,114,88,38,38,79,600,False,False,True,False,True,False
46,100,55,26,57,29,562,False,False,False,False,False,False
58,100,69,32,44,46,600,False,True,False,False,False,True
91,131,89,39,30,88,600,False,False,True,False,True,False
84,122,86,39,43,73,600,False,False,True,False,True,False
55,100,63,28,52,39,600,False,False,False,False,False,True
86,122,88,39,37,81,600,False,False,True,False,True,False
46,100,56,25,55,22,466,False,False,False,True,False,False
77,100,71,30,83,47,600,True,False,False,False,False,True
42,100,57,27,57,25,525,False,False,False,False,False,False
65,100,67,32,54,44,600,False,True,False,False,False,True
67,100,69,32,46,46,600,False,False,False,False,False,True
60,100,69,30,44,48,600,False,False,False,False,False,True
61,100,66,26,46,41,600,False,False,False,False,False,True
66,100,69,33,46,47,600,False,False,True,False,False,True
90,104,81,39,36,70,600,False,False,True,False,True,False
86,116,86,39,36,76,600,False,False,True,False,True,False
85,100,78,38,39,58,600,False,False,True,False,False,True
43,100,55,22,57,28,476,False,False,False,True,False,False
56,100,65,31,45,38,600,False,True,False,False,False,True
36,100,51,22,57,17,423,False,False,False,True,False,False
80,100,80,37,42,58,600,False,False,True,False,True,False
80,100,80,38,47,61,600,False,False,True,False,True,False
62,100,63,29,54,38,600,False,True,False,False,False,True
60,100,64,31,77,40,600,True,False,False,False,False,False
95,100,85,40,37,70,600,False,False,True,False,True,False
61,100,66,27,47,40,600,False,True,False,False,False,True
70,100,77,34,79,61,600,True,False,False,False,True,False
48,100,54,26,58,25,484,False,False,False,True,False,False
64,100,70,29,48,48,600,False,False,True,False,False,True
56,100,61,27,51,33,600,False,True,False,False,False,False
69,100,66,27,56,44,600,False,False,False,False,False,True
42,100,52,23,53,26,479,False,False,False,True,False,False
57,100,69,28,74,42,600,True,False,False,False,False,True
84,105,85,37,33,78,600,False,False,True,False,True,False
68,100,65,28,79,42,600,True,False,False,False,False,True
57,100,62,31,67,39,600,True,False,False,False,False,False
67,100,72,33,41,51,600,False,False,True,False,False,True
61,100,69,33,53,44,600,False,False,True,False,False,True
85,100,79,35,40,68,600,False,False,True,False,True,False
69,100,69,28,44,46,600,False,True,False,False,False,True
79,113,81,36,39,70,600,False,False,True,False,True,False
64,100,69,30,74,44,600,True,False,False,False,False,True
64,100,67,27,51,43,600,False,False,False,False,False,True
78,103,73,35,41,55,600,False,False,True,False,False,True
81,105,83,35,43,68,600,False,False,True,False,True,False
100,114,90,38,39,82,600,False,False,True,False,True,False
45,100,58,27,57,32,600,False,True,False,False,False,False
57,100,58,28,61,33,600,False,True,False,False,False,False
77,104,83,36,41,70,600,False,False,True,False,True,False
45,100,61,28,57,27,600,False,True,False,False,False,False
78,100,71,32,48,52,600,False,False,True,False,False,True
72,100,81,35,41,59,600,False,False,True,False,True,False
73,100,75,32,44,57,600,False,False,True,False,False,True
56,100,65,27,53,39,600,False,True,False,False,False,True
67,100,68,28,44,48,600,False,True,False,False,False,True
70,100,68,32,76,44,600,True,False,False,False,False,True
38,100,57,26,58,27,504,False,False,False,False,False,False
96,100,84,38,38,70,600,False,False,True,False,True,False
52,100,66,29,45,41,600,False,False,False,False,False,True
90,106,83,39,44,69,600,False,False,True,False,True,False
82,106,78,34,83,57,600,True,False,False,False,True,False
77,100,78,36,41,64,600,False,False,True,False,True,False
82,127,86,39,43,76,600,False,False,True,False,True,False
48,100,50,22,60,23,432,False,False,False,True,False,False
77,114,82,39,44,65,600,False,False,True,False,True,False
66,100,67,29,50,46,600,False,True,False,False,False,True
39,100,52,22,53,22,466,False,False,False,True,False,False
90,116,81,40,39,73,600,False,False,True,False,True,False
53,100,62,27,51,30,600,False,True,False,False,False,False
68,100,70,30,76,51,600,True,False,False,False,False,True
65,100,69,29,49,48,600,False,True,False,False,False,True
72,100,69,32,53,46,600,False,True,False,False,False,True
91,127,87,39,37,84,600,False,False,True,False,True,False
41,100,57,25,50,31,556,False,False,False,False,False,False
54,100,61,25,54,36,600,False,True,False,False,False,False
98,121,84,41,35,79,600,False,False,True,False,True,False
59,100,64,28,71,40,600,True,False,False,False,False,False
63,100,61,30,75,32,600,True,False,False,False,False,False
45,100,50,21,64,17,434,False,False,False,True,False,False
77,100,71,32,45,50,600,False,False,True,False,False,True
49,100,57,25,49,29,536,False,False,False,False,False,False
76,100,68,29,46,45,600,False,False,False,False,False,True
68,100,66,27,54,40,600,False,False,False,False,False,True
57,100,66,30,76,45,600,True,False,False,False,False,True
80,110,82,39,34,73,600,False,False,True,False,True,False
82,100,81,35,45,64,600,False,False,True,False,True,False
54,100,59,25,58,31,600,False,True,False,False,False,False
76,100,78,34,43,61,600,False,False,True,False,True,False
83,100,76,35,43,60,600,False,False,True,False,False,True
36,100,50,20,56,17,377,False,False,False,True,False,False
59,100,69,32,76,47,600,True,False,False,False,False,True
79,100,73,33,42,52,600,False,False,True,False,False,True
61,100,68,30,44,47,600,False,False,False,False,False,True
92,124,82,38,34,73,600,False,False,True,False,True,False
28,100,48,20,54,16,375,False,False,False,True,False,False
43,100,61,25,52,30,600,False,True,False,False,False,False
64,100,69,29,77,44,600,True,False,False,False,False,True
82,104,82,38,39,68,600,False,False,True,False,True,False
56,100,64,28,47,41,600,False,True,False,False,False,True
81,100,80,36,47,62,600,False,False,True,False,True,False
77,102,79,35,78,55,600,True,False,False,False,True,False
80,100,75,33,78,54,600,True,False,False,False,True,False
80,100,81,35,42,58,600,False,False,True,False,True,False
63,100,72,33,75,50,600,True,False,False,False,False,True
92,116,85,36,34,74,600,False,False,True,False,True,False
57,100,58,26,50,27,600,False,True,False,False,False,False
37,100,51,25,55,22,440,False,False,False,True,False,False
72,100,77,32,43,55,600,False,False,True,False,False,True
45,100,60,28,48,30,600,False,True,False,False,False,False
55,100,56,25,56,30,566,False,False,False,False,False,False
52,100,62,29,46,40,600,False,True,False,False,False,True
54,100,55,28,54,31,543,False,False,False,False,False,False
37,100,50,25,56,19,402,False,False,False,True,False,False
79,103,79,38,44,64,600,False,False,True,False,True,False
92,106,89,42,37,87,600,False,False,True,False,True,False
79,100,80,36,39,63,600,False,False,True,False,True,False
76,100,79,36,42,61,600,False,False,True,False,True,False
80,100,78,34,38,59,600,False,False,True,False,False,True
65,100,64,31,45,38,600,False,True,False,False,False,True
67,100,69,32,77,42,600,True,False,False,False,False,True
71,100,67,31,47,49,600,False,True,False,False,False,True
84,107,83,39,34,70,600,False,False,True,False,True,False
40,100,52,26,58,27,485,False,False,False,True,False,False
91,118,86,37,37,74,600,False,False,True,False,True,False
52,100,65,29,69,40,600,True,False,False,False,False,False
71,100,76,32,46,52,600,False,False,True,False,False,True
53,100,64,28,52,35,600,False,True,False,False,False,True
56,100,66,27,48,41,600,False,False,False,False,False,True
68,100,74,36,44,53,600,False,False,True,False,False,True
74,110,80,36,45,60,600,False,False,True,False,True,False
74,100,76,32,80,56,600,True,False,False,False,True,False
49,100,60,27,56,27,600,False,True,False,False,False,False
89,122,86,40,33,83,600,False,False,True,False,True,False
58,100,60,28,74,35,600,True,False,False,False,False,False
59,100,65,27,51,39,600,False,True,False,False,False,True
62,100,70,31,73,45,600,True,False,False,False,False,True
32,100,46,22,55,17,362,False,False,False,True,False,False
44,100,56,22,50,25,473,False,False,False,True,False,False
96,114,84,41,43,78,600,False,False,True,False,True,False
72,100,74,30,77,53,600,True,False,False,False,False,True
53,100,65,30,51,40,600,False,False,False,False,False,True
61,100,62,26,65,38,600,True,False,False,False,False,False
50,100,56,22,58,24,467,False,False,False,True,False,False
47,100,54,25,55,26,499,False,False,False,True,False,False
55,100,57,26,47,30,600,False,True,False,False,False,False
63,100,64,27,48,39,600,False,True,False,False,False,True
47,100,57,26,55,31,547,False,False,False,False,False,False
67,100,66,31,74,42,600,True,False,False,False,False,True
57,100,61,29,70,40,600,True,False,False,False,False,False
65,100,72,29,45,47,600,False,False,False,False,False,True
52,100,66,28,54,41,600,False,True,False,False,False,True
100,132,90,39,33,86,600,False,False,True,False,True,False
71,100,81,34,38,60,600,False,False,True,False,True,False
97,112,83,38,33,73,600,False,False,True,False,True,False
71,100,66,32,44,42,600,False,False,True,False,False,True
65,100,74,31,77,47,600,True,False,False,False,False,True
34,100,50,24,58,21,364,False,False,False,True,False,False
36,100,46,22,58,21,389,False,False,False,True,False,False
74,100,70,30,82,52,600,True,False,False,False,False,True
55,100,64,29,74,37,600,True,False,False,False,False,False
55,100,65,27,53,41,600,False,True,False,False,False,True
53,100,56,24,49,25,541,False,False,False,False,False,False
83,111,79,37,40,58,600,False,False,True,False,True,False
90,107,83,38,41,75,600,False,False,True,False,True,False
67,100,70,32,71,44,600,True,False,False,False,False,True
74,100,80,36,44,64,600,False,False,True,False,True,False
36,100,47,21,59,21,364,False,False,False,True,False,False
84,127,85,41,31,79,600,False,False,True,False,True,False
72,100,71,32,43,52,600,False,False,True,False,False,True
63,100,67,30,49,39,600,False,False,False,False,False,True
75,100,74,32,44,55,600,False,False,True,False,False,True
67,100,70,33,81,47,600,True,False,False,False,False,True
59,100,66,29,52,42,600,False,False,False,False,False,True
62,100,68,30,51,43,600,False,True,False,False,False,True
89,118,89,39,40,87,600,False,False,True,False,True,False
63,100,68,30,74,41,600,True,False,False,False,False,True
42,100,57,27,56,30,579,False,False,False,False,False,False
70,100,68,32,51,51,600,False,False,False,False,False,True
87,100,83,35,37,71,600,False,False,True,False,True,False
72,100,80,34,46,57,600,False,False,True,False,False,True
74,100,74,33,83,52,600,True,False,False,False,False,True
68,100,66,30,52,41,600,False,False,False,False,False,True
46,100,48,21,60,22,414,False,False,False,True,False,False
57,100,68,28,78,42,600,True,False,False,False,False,True
56,100,67,30,72,41,600,True,False,False,False,False,True
63,100,61,29,76,35,600,True,False,False,False,False,False
33,100,50,24,55,21,369,False,False,False,True,False,False
44,100,56,24,49,31,572,False,False,False,False,False,False
81,112,79,33,44,60,600,False,False,True,False,True,False
78,100,74,33,82,60,600,True,False,False,False,True,False
75,100,71,34,50,50,600,False,False,True,False,False,True
56,100,58,26,51,36,600,False,True,False,False,False,False
50,100,61,28,57,30,600,False,True,False,False,False,False
57,100,69,30,79,44,600,True,False,False,False,False,True
54,100,62,26,55,36,600,False,True,False,False,False,False
38,100,55,23,54,26,488,False,False,False,True,False,False
87,104,79,37,36,66,600,False,False,True,False,True,False
89,125,85,37,35,70,600,False,False,True,False,True,False
91,124,84,40,40,77,600,False,False,True,False,True,False
90,115,89,42,39,88,600,False,False,True,False,True,False
73,100,70,34,84,53,600,True,False,False,False,False,True
42,100,58,24,52,30,571,False,False,False,False,False,False
59,100,68,30,45,44,600,False,False,True,False,False,True
98,124,83,38,40,74,600,False,False,True,False,True,False
88,100,81,35,42,64,600,False,False,True,False,True,False
86,100,83,36,40,71,600,False,False,True,False,True,False
90,122,86,38,39,77,600,False,False,True,False,True,False
74,100,70,31,52,49,600,False,True,False,False,False,True
88,104,79,37,41,68,600,False,False,True,False,True,False
52,100,66,27,46,38,600,False,False,False,False,False,True
36,100,49,21,61,21,424,False,False,False,True,False,False
51,100,56,27,59,28,563,False,False,False,False,False,False
47,100,62,28,51,32,600,False,True,False,False,False,False
99,130,88,41,36,82,600,False,False,True,False,True,False
75,100,77,34,43,58,600,False,False,True,False,False,True
81,100,78,37,38,59,600,False,False,True,False,False,True
52,100,62,28,51,36,600,False,True,False,False,False,False
82,100,82,39,39,65,600,False,False,True,False,True,False
59,100,70,30,51,46,600,False,False,True,False,False,True
50,100,62,27,67,33,600,True,False,False,False,False,False
89,101,80,36,40,60,600,False,False,True,False,True,False
57,100,66,30,50,41,600,False,False,False,False,False,True
93,111,83,35,38,70,600,False,False,True,False,True,False
91,106,83,38,41,75,600,False,False,True,False,True,False
85,112,76,35,44,61,600,False,False,True,False,False,True
60,100,68,31,45,44,600,False,False,True,False,False,True
34,100,53,23,52,24,485,False,False,False,True,False,False
43,100,57,29,48,27,600,False,True,False,False,False,False
89,100,85,37,44,69,600,False,False,True,False,True,False
78,100,76,33,78,58,600,True,False,False,False,True,False
53,100,60,28,51,32,600,False,True,False,False,False,False
73,100,71,30,81,52,600,True,False,False,False,False,True
90,113,80,35,42,69,600,False,False,True,False,True,False
65,100,65,28,53,41,600,False,False,False,False,False,True
75,100,80,34,41,65,600,False,False,True,False,True,False
73,101,76,32,40,53,600,False,False,True,False,False,True
39,100,49,20,62,19,398,False,False,False,True,False,False
70,100,75,33,83,59,600,True,False,False,False,True,False
38,100,48,21,58,18,383,False,False,False,True,False,False
53,100,62,25,58,30,600,False,True,False,False,False,False
75,104,77,35,44,60,600,False,False,True,False,False,True
87,100,77,37,45,62,600,False,False,True,False,True,False
82,103,78,35,46,60,600,False,False,True,False,True,False
52,100,65,28,51,42,600,False,False,False,False,False,True
47,100,54,22,59,26,463,False,False,False,True,False,False
74,103,79,37,36,66,600,False,False,True,False,True,False
49,100,59,26,57,30,600,False,True,False,False,False,False
59,100,64,28,47,40,600,False,True,False,False,False,True
68,100,64,29,53,39,600,False,False,False,False,False,True
66,100,74,34,42,51,600,False,False,True,False,False,True
60,100,65,29,46,43,600,False,False,False,False,False,True
78,100,79,34,48,63,600,False,False,True,False,True,False
45,100,53,26,56,24,512,False,False,False,False,False,False
62,100,66,26,49,38,600,False,False,False,False,False,True
86,107,83,36,41,65,600,False,False,True,False,True,False
63,100,66,33,79,44,600,True,False,False,False,False,True
90,105,81,38,35,66,600,False,False,True,False,True,False
86,126,82,41,40,76,600,False,False,True,False,True,False
93,103,82,38,43,67,600,False,False,True,False,True,False
69,100,70,33,76,52,600,True,False,False,False,False,True
68,100,68,28,54,49,600,False,True,False,False,False,True
49,100,62,27,59,32,600,False,True,False,False,False,False
73,101,76,36,45,58,600,False,False,True,False,False,True
93,111,89,40,37,88,600,False,False,True,False,True,False
78,100,74,33,44,52,600,False,False,True,False,False,True
41,100,54,26,58,28,549,False,False,False,False,False,False
69,100,70,31,49,46,600,False,True,False,False,False,True
52,100,61,28,53,36,600,False,True,False,False,False,False
73,100,71,32,51,45,600,False,True,False,False,False,True
95,125,84,37,33,82,600,False,False,True,False,True,False
51,100,63,29,69,34,600,True,False,False,False,False,False
84,100,75,33,85,55,600,True,False,False,False,True,False
64,100,69,32,51,45,600,False,False,True,False,False,True
35,100,48,22,63,16,384,False,False,False,True,False,False
77,100,75,35,78,57,600,True,False,False,False,True,False
76,107,76,34,41,61,600,False,False,True,False,False,True
81,100,77,35,41,59,600,False,False,True,False,True,False
35,100,56,26,58,26,496,False,False,False,True,False,False
96,135,87,38,37,83,600,False,False,True,False,True,False
60,100,59,25,56,31,600,False,True,False,False,False,False
79,100,78,36,76,57,600,True,False,False,False,True,False
65,100,71,29,48,49,600,False,True,False,False,False,True
96,132,89,41,30,88,600,False,False,True,False,True,False
73,112,81,38,41,64,600,False,False,True,False,True,False
76,113,80,35,38,57,600,False,False,True,False,False,True
83,100,81,35,43,66,600,False,False,True,False,True,False
55,100,68,32,78,40,600,True,False,False,False,False,True
80,103,78,35,87,55,600,True,False,False,False,True,False
90,132,86,41,34,87,600,False,False,True,False,True,False
56,100,70,33,75,43,600,True,False,False,False,False,True
54,100,54,23,58,29,532,False,False,False,False,False,False
76,101,74,35,45,52,600,False,False,True,False,False,True
46,100,60,29,56,32,600,False,True,False,False,False,False
65,100,65,31,76,43,600,True,False,False,False,False,True
81,120,85,39,38,73,600,False,False,True,False,True,False
63,100,68,31,53,48,600,False,True,False,False,False,True
34,100,56,22,51,23,477,False,False,False,True,False,False
54,100,58,26,53,35,600,False,True,False,False,False,False
66,100,66,28,70,39,600,True,False,False,False,False,True
41,100,47,22,58,20,385,False,False,False,True,False,False
86,106,83,41,41,77,600,False,False,True,False,True,False
48,100,64,29,65,37,600,True,False,False,False,False,False
57,100,66,28,46,37,600,False,True,False,False,False,True
76,100,77,35,87,60,600,True,False,False,False,True,False
47,100,53,25,59,23,479,False,False,False,True,False,False
53,100,57,27,50,24,505,False,False,False,False,False,False
35,100,52,24,58,21,409,False,False,False,True,False,False
90,105,83,36,43,74,600,False,False,True,False,True,False
57,100,58,26,48,31,600,False,True,False,False,False,False
33,100,48,25,55,23,408,False,False,False,True,False,False
71,100,70,33,81,53,600,True,False,False,False,False,True
66,100,72,33,78,49,600,True,False,False,False,False,True
72,100,78,37,38,59,600,False,False,True,False,True,False
88,100,82,38,36,70,600,False,False,True,False,True,False
83,100,78,34,41,60,600,False,False,True,False,True,False
78,100,72,33,80,50,600,True,False,False,False,False,True
82,100,73,33,41,57,600,False,False,True,False,False,True
93,100,83,38,36,71,600,False,False,True,False,True,False
32,100,48,21,60,23,401,False,False,False,True,False,False
90,107,86,40,35,88,600,False,False,True,False,True,False
64,100,65,28,54,44,600,False,False,False,False,False,True
73,100,74,35,76,56,600,True,False,False,False,True,False
87,114,86,38,31,83,600,False,False,True,False,True,False
78,100,75,32,47,55,600,False,False,True,False,False,True
33,100,50,22,55,15,394,False,False,False,True,False,False
57,100,65,27,49,38,600,False,True,False,False,False,True
72,100,78,33,75,58,600,True,False,False,False,True,False
49,100,52,23,57,22,479,False,False,False,True,False,False
99,128,86,37,37,78,600,False,False,True,False,True,False
43,100,54,24,54,31,557,False,False,False,False,False,False
100,131,88,39,33,80,600,False,False,True,False,True,False
86,100,79,38,38,70,600,False,False,True,False,True,False
68,100,67,31,71,45,600,True,False,False,False,False,True
83,119,84,38,39,73,600,False,False,True,False,True,False
60,100,65,30,47,41,600,False,False,False,False,False,True
83,100,78,35,39,63,600,False,False,True,False,True,False
63,100,60,30,70,38,600,True,False,False,False,False,False
54,100,66,27,49,43,600,False,False,False,False,False,True
51,100,65,30,45,36,600,False,True,False,False,False,True
65,100,67,30,48,47,600,False,True,False,False,False,True
62,100,68,33,52,45,600,False,False,True,False,False,True
46,100,58,24,49,29,569,False,False,False,False,False,False
68,100,67,30,77,43,600,True,False,False,False,False,True
54,100,64,30,77,36,600,True,False,False,False,False,False
54,100,60,28,56,27,600,False,True,False,False,False,False
91,105,81,38,44,73,600,False,False,True,False,True,False
89,119,84,37,38,82,600,False,False,True,False,True,False
64,100,71,29,44,49,600,False,False,False,False,False,True
85,100,81,38,39,74,600,False,False,True,False,True,False
58,100,60,29,74,32,600,True,False,False,False,False,False
67,100,71,33,46,54,600,False,False,True,False,False,True
70,100,70,32,53,49,600,False,True,False,False,False,True
75,100,75,32,83,58,600,True,False,False,False,True,False
56,100,65,29,51,42,600,False,False,False,False,False,True
57,100,67,28,80,43,600,True,False,False,False,False,True
38,100,48,20,54,21,374,False,False,False,True,False,False
32,100,48,23,59,17,365,False,False,False,True,False,False
63,100,67,30,50,42,600,False,False,False,False,False,True
65,100,69,31,75,44,600,True,False,False,False,False,True
72,100,74,32,84,54,600,True,False,False,False,True,False
100,114,86,38,31,84,600,False,False,True,False,True,False
52,100,60,28,58,32,600,False,True,False,False,False,False
72,100,69,29,52,44,600,False,False,True,False,False,True
71,100,66,32,47,47,600,False,False,True,False,False,True
54,100,64,28,47,42,600,False,False,False,False,False,True
43,100,58,28,59,27,559,False,False,False,False,False,False
95,112,85,41,41,80,600,False,False,True,False,True,False
90,100,81,37,45,66,600,False,False,True,False,True,False
60,100,67,27,50,43,600,False,False,False,False,False,True
54,100,54,25,49,26,505,False,False,False,False,False,False
67,100,70,32,51,50,600,False,False,False,False,False,True
57,100,67,31,78,39,600,True,False,False,False,False,True
81,100,74,34,74,54,600,True,False,False,False,True,False
92,113,84,41,34,78,600,False,False,True,False,True,False
53,100,63,29,72,34,600,True,False,False,False,False,False
53,100,62,30,75,39,600,True,False,False,False,False,False
65,100,73,34,44,54,600,False,False,True,False,False,True
42,100,50,23,54,16,397,False,False,False,True,False,False
53,100,64,30,55,37,600,False,False,False,False,False,True
85,100,78,37,46,61,600,False,False,True,False,True,False
42,100,57,26,54,33,600,False,True,False,False,False,False
96,118,87,41,39,80,600,False,False,True,False,True,False
64,100,72,33,76,52,600,True,False,False,False,False,True
74,104,75,35,77,58,600,True,False,False,False,True,False
65,100,65,29,74,42,600,True,False,False,False,False,True
87,116,85,39,43,72,600,False,False,True,False,True,False
74,100,70,33,81,53,600,True,False,False,False,False,True
65,100,65,30,77,35,600,True,False,False,False,False,False
73,100,78,32,87,56,600,True,False,False,False,True,False
53,100,57,26,55,30,547,False,False,False,False,False,False
61,100,63,30,45,40,600,False,True,False,False,False,True
57,100,66,27,54,44,600,False,False,False,False,False,True
42,100,54,27,48,28,520,False,False,False,False,False,False
69,100,67,29,47,44,600,False,False,False,False,False,True
59,100,69,32,52,45,600,False,False,True,False,False,True
46,100,55,24,58,30,566,False,False,False,False,False,False
84,100,78,37,40,58,600,False,False,True,False,True,False
84,100,75,34,82,56,600,True,False,False,False,True,False
75,100,71,33,82,47,600,True,False,False,False,False,True
54,100,68,27,54,41,600,False,False,False,False,False,True
38,100,53,23,59,26,470,False,False,False,True,False,False
64,100,73,31,84,48,600,True,False,False,False,False,True
85,100,78,32,83,57,600,True,False,False,False,True,False
86,100,79,37,41,66,600,False,False,True,False,True,False
61,100,64,30,55,40,600,False,True,False,False,False,True
100,129,88,42,38,85,600,False,False,True,False,True,False
68,100,65,30,51,41,600,False,False,False,False,False,True
65,100,72,34,83,53,600,True,False,False,False,False,True
43,100,55,23,56,26,506,False,False,False,False,False,False
32,100,48,24,57,19,368,False,False,False,True,False,False
60,100,64,29,70,37,600,True,False,False,False,False,False
92,111,81,39,37,69,600,False,False,True,False,True,False
93,100,82,38,41,71,600,False,False,True,False,True,False
29,100,50,23,59,15,361,False,False,False,True,False,False
34,100,53,26,51,23,469,False,False,False,True,False,False
72,100,69,28,52,43,600,False,True,False,False,False,True
73,100,77,31,83,55,600,True,False,False,False,True,False
57,100,65,28,79,42,600,True,False,False,False,False,True
45,100,56,26,53,28,572,False,False,False,False,False,False
82,100,80,35,40,63,600,False,False,True,False,True,False
46,100,58,25,56,25,563,False,False,False,False,False,False
60,100,67,30,50,44,600,False,False,False,False,False,True
73,100,73,34,49,56,600,False,False,True,False,False,True
61,100,67,29,70,43,600,True,False,False,False,False,True
61,100,65,29,77,44,600,True,False,False,False,False,True
68,100,70,33,77,45,600,True,False,False,False,False,True
68,100,68,29,53,46,600,False,False,True,False,False,True
93,109,82,35,36,68,600,False,False,True,False,True,False
27,100,48,24,56,15,371,False,False,False,True,False,False
98,113,88,42,39,88,600,False,False,True,False,True,False
100,106,87,39,33,82,600,False,False,True,False,True,False
80,106,77,37,39,59,600,False,False,True,False,False,True
49,100,62,28,51,32,600,False,True,False,False,False,False
46,100,57,23,58,26,521,False,False,False,False,False,False
42,100,49,21,61,17,435,False,False,False,True,False,False
82,117,86,40,38,74,600,False,False,True,False,True,False
43,100,48,21,64,22,439,False,False,False,True,False,False
52,100,59,29,51,30,600,False,True,False,False,False,False
75,100,78,34,46,64,600,False,False,True,False,True,False
68,100,67,33,72,46,600,True,False,False,False,False,True
74,100,81,35,39,60,600,False,False,True,False,True,False
87,102,81,35,44,60,600,False,False,True,False,True,False
66,100,68,32,78,39,600,True,False,False,False,False,True
61,100,71,29,46,45,600,False,False,False,False,False,True
80,100,75,31,44,58,600,False,False,True,False,False,True
62,100,72,31,45,49,600,False,False,False,False,False,True
50,100,55,27,52,23,529,False,False,False,False,False,False
34,100,50,24,63,21,440,False,False,False,True,False,False
76,110,78,33,78,56,600,True,False,False,False,True,False
55,100,62,27,59,35,600,False,True,False,False,False,False
55,100,62,27,75,32,600,True,False,False,False,False,False
29,100,47,21,57,19,366,False,False,False,True,False,False
75,100,71,32,46,50,600,False,False,True,False,False,True
75,102,72,32,47,50,600,False,False,True,False,False,True
65,100,68,32,49,43,600,False,True,False,False,False,True
71,100,70,30,48,42,600,False,False,True,False,False,True
86,100,81,34,46,60,600,False,False,True,False,True,False
27,100,47,21,62,21,396,False,False,False,True,False,False
84,100,79,35,40,63,600,False,False,True,False,True,False
70,100,67,29,77,42,600,True,False,False,False,False,True
78,100,73,35,45,55,600,False,False,True,False,False,True
60,100,72,29,44,46,600,False,False,False,False,False,True
67,100,66,27,47,39,600,False,False,False,False,False,True
81,100,76,34,49,57,600,False,False,True,False,False,True
77,100,80,37,44,67,600,False,False,True,False,True,False
68,100,65,26,52,40,600,False,False,False,False,False,True
72,100,68,32,50,48,600,False,False,True,False,False,True
53,100,65,31,48,40,600,False,True,False,False,False,True
59,100,62,30,48,39,600,False,True,False,False,False,True
63,100,66,31,49,41,600,False,False,False,False,False,True
66,100,72,32,83,50,600,True,False,False,False,False,True
82,100,79,35,42,62,600,False,False,True,False,True,False
81,104,76,36,83,59,600,True,False,False,False,True,False
60,100,59,25,51,35,600,False,True,False,False,False,False
33,100,51,23,55,17,436,False,False,False,True,False,False
87,100,80,34,45,58,600,False,False,True,False,True,False
56,100,62,28,52,31,600,False,True,False,False,False,False
50,100,62,26,57,33,600,False,True,False,False,False,False
81,100,74,32,41,58,600,False,False,True,False,False,True
66,100,72,35,43,51,600,False,False,True,False,False,True
56,100,61,26,68,37,600,True,False,False,False,False,False
86,100,79,34,44,60,600,False,False,True,False,True,False
60,100,62,27,68,40,600,True,False,False,False,False,False
63,100,67,30,51,46,600,False,True,False,False,False,True
53,100,64,29,52,37,600,False,True,False,False,False,True
85,100,81,37,45,68,600,False,False,True,False,True,False
49,100,61,30,72,35,600,True,False,False,False,False,False
57,100,57,25,52,28,600,False,True,False,False,False,False
77,100,73,34,80,50,600,True,False,False,False,False,True
82,100,77,35,83,55,600,True,False,False,False,True,False
61,100,63,31,71,35,600,True,False,False,False,False,False
66,100,64,27,50,38,600,False,True,False,False,False,True
58,100,62,31,48,41,600,False,True,False,False,False,True
64,100,65,27,48,43,600,False,False,False,False,False,True
63,100,62,30,66,38,600,True,False,False,False,False,False
90,103,83,37,35,75,600,False,False,True,False,True,False
64,100,70,29,45,49,600,False,True,False,False,False,True
74,100,75,33,78,57,600,True,False,False,False,True,False
48,100,58,27,51,30,600,False,True,False,False,False,False
99,128,88,41,34,80,600,False,False,True,False,True,False
64,100,67,27,49,42,600,False,False,False,False,False,True
70,100,67,31,48,45,600,False,False,True,False,False,True
84,100,79,35,45,68,600,False,False,True,False,True,False
81,100,79,38,40,61,600,False,False,True,False,True,False
86,117,85,37,33,77,600,False,False,True,False,True,False
56,100,66,31,55,37,600,False,False,False,False,False,True
65,100,63,31,69,39,600,True,False,False,False,False,False
59,100,64,29,46,40,600,False,True,False,False,False,True
32,100,50,23,57,19,437,False,False,False,True,False,False
32,100,49,23,60,18,376,False,False,False,True,False,False
34,100,46,23,58,21,395,False,False,False,True,False,False
49,100,55,27,53,27,558,False,False,False,False,False,False
46,100,56,25,52,29,539,False,False,False,False,False,False
43,100,54,28,59,31,558,False,False,False,False,False,False
87,100,81,35,46,62,600,False,False,True,False,True,False
69,100,73,32,44,53,600,False,False,True,False,False,True
96,109,82,39,42,70,600,False,False,True,False,True,False
61,100,61,31,71,38,600,True,False,False,False,False,False
63,100,61,29,67,38,600,True,False,False,False,False,False
47,100,60,28,48,31,600,False,True,False,False,False,False
58,100,60,26,70,35,600,True,False,False,False,False,False
74,100,71,34,47,55,600,False,False,True,False,False,True
60,100,61,28,73,35,600,True,False,False,False,False,False
72,103,74,36,42,50,600,False,False,True,False,False,True
79,100,71,33,50,55,600,False,False,True,False,False,True
65,100,71,34,75,50,600,True,False,False,False,False,True
85,112,80,38,45,60,600,False,False,True,False,False,True
54,100,66,30,76,42,600,True,False,False,False,False,True
58,100,64,31,72,39,600,True,False,False,False,False,False
47,100,57,26,50,24,538,False,False,False,False,False,False
57,100,59,25,51,34,600,False,True,False,False,False,False
74,105,80,35,40,58,600,False,False,True,False,False,True
98,129,84,40,36,78,600,False,False,True,False,True,False
51,100,61,29,72,36,600,True,False,False,False,False,False
76,100,75,35,78,54,600,True,False,False,False,True,False
63,100,63,28,48,41,600,False,False,False,False,False,True
69,100,69,32,74,47,600,True,False,False,False,False,True
61,100,69,33,74,47,600,True,False,False,False,False,True
53,100,55,25,54,29,550,False,False,False,False,False,False
73,101,72,30,77,50,600,True,False,False,False,False,True
73,100,79,32,77,58,600,True,False,False,False,True,False
58,100,60,25,52,30,600,False,True,False,False,False,False
98,127,82,38,43,72,600,False,False,True,False,True,False
71,100,74,33,75,49,600,True,False,False,False,False,True
77,100,78,35,78,56,600,True,False,False,False,True,False
48,100,58,28,52,28,566,False,False,False,False,False,False
84,100,75,31,78,60,600,True,False,False,False,True,False
68,100,69,32,71,44,600,True,False,False,False,False,True
69,100,68,30,71,43,600,True,False,False,False,False,True
77,111,79,38,45,71,600,False,False,True,False,True,False
89,103,81,34,37,61,600,False,False,True,False,True,False
67,100,69,29,44,45,600,False,False,False,False,False,True
70,100,72,30,44,46,600,False,False,False,False,False,True
88,102,78,38,47,60,600,False,False,True,False,False,True
74,100,68,33,48,48,600,False,False,False,False,False,True
42,100,60,29,56,28,600,False,True,False,False,False,False
86,118,82,37,40,77,600,False,False,True,False,True,False
50,100,56,27,55,24,532,False,False,False,False,False,False
88,103,78,35,46,61,600,False,False,True,False,False,True
96,110,82,41,34,74,600,False,False,True,False,True,False
90,104,84,41,34,74,600,False,False,True,False,True,False
73,100,77,35,86,59,600,True,False,False,False,True,False
74,100,71,29,54,48,600,False,True,False,False,False,True
60,100,64,26,54,41,600,False,False,False,False,False,True
70,100,76,36,77,60,600,True,False,False,False,True,False
62,100,68,30,71,45,600,True,False,False,False,False,True
45,100,48,21,57,21,414,False,False,False,True,False,False
67,100,74,34,39,55,600,False,False,True,False,False,True
61,100,71,31,52,43,600,False,True,False,False,False,True
81,100,81,37,46,61,600,False,False,True,False,True,False
42,100,55,25,58,25,481,False,False,False,True,False,False
85,105,87,37,39,82,600,False,False,True,False,True,False
42,100,61,28,52,31,600,False,True,False,False,False,False
82,112,84,40,37,77,600,False,False,True,False,True,False
65,100,64,28,75,39,600,True,False,False,False,False,False
68,100,70,31,50,46,600,False,False,True,False,False,True
72,100,71,31,51,49,600,False,False,False,False,False,True
36,100,53,22,57,25,474,False,False,False,True,False,False
54,100,53,26,49,23,540,False,False,False,False,False,False
36,100,52,22,58,17,428,False,False,False,True,False,False
75,102,77,38,39,62,600,False,False,True,False,False,True
44,100,56,26,57,28,476,False,False,False,True,False,False
42,100,57,24,53,26,555,False,False,False,False,False,False
73,100,66,30,43,46,600,False,False,True,False,False,True
58,100,60,29,48,28,600,False,True,False,False,False,False
82,107,86,37,33,77,600,False,False,True,False,True,False
68,100,67,28,49,40,600,False,False,False,False,False,True
64,100,74,31,80,52,600,True,False,False,False,False,True
40,100,58,26,53,27,546,False,False,False,False,False,False
68,100,77,36,83,60,600,True,False,False,False,True,False
78,100,73,36,47,54,600,False,False,True,False,False,True
73,100,73,34,76,53,600,True,False,False,False,False,True
72,100,70,32,75,51,600,True,False,False,False,False,True
78,100,77,31,47,57,600,False,False,True,False,False,True
68,100,67,29,47,47,600,False,False,True,False,False,True
52,100,65,28,45,40,600,False,False,False,False,False,True
52,100,59,26,51,27,600,False,True,False,False,False,False
50,100,63,31,46,41,600,False,True,False,False,False,True
79,107,79,39,35,66,600,False,False,True,False,True,False
57,100,69,30,72,40,600,True,False,False,False,False,True
57,100,70,29,43,42,600,False,False,True,False,False,True
75,100,78,36,76,59,600,True,False,False,False,True,False
68,100,73,34,76,50,600,True,False,False,False,False,True
66,100,67,31,81,47,600,True,False,False,False,False,True
84,100,75,31,85,59,600,True,False,False,False,True,False
77,102,79,37,47,61,600,False,False,True,False,False,True
91,100,80,39,37,71,600,False,False,True,False,True,False
42,100,53,26,50,23,525,False,False,False,False,False,False
55,100,58,25,49,27,546,False,False,False,False,False,False
49,100,62,27,69,35,600,True,False,False,False,False,False
91,113,88,38,36,81,600,False,False,True,False,True,False
88,101,79,36,39,65,600,False,False,True,False,True,False
47,100,57,23,53,24,516,False,False,False,False,False,False
91,100,81,39,38,70,600,False,False,True,False,True,False
73,100,73,35,46,55,600,False,False,True,False,False,True
50,100,54,23,59,26,484,False,False,False,True,False,False
47,100,48,22,64,21,414,False,False,False,True,False,False
75,100,73,35,46,51,600,False,False,True,False,False,True
70,100,70,33,43,46,600,False,False,False,False,False,True
43,100,58,28,50,28,600,False,True,False,False,False,False
76,100,79,37,43,63,600,False,False,True,False,True,False
94,121,85,37,39,73,600,False,False,True,False,True,False
87,100,83,35,43,66,600,False,False,True,False,True,False
74,100,72,30,83,49,600,True,False,False,False,False,True
53,100,65,29,71,40,600,True,False,False,False,False,False
80,100,78,34,84,56,600,True,False,False,False,True,False
67,100,67,29,79,47,600,True,False,False,False,False,True
61,100,68,30,48,46,600,False,True,False,False,False,True
60,100,68,31,73,41,600,True,False,False,False,False,True
74,100,79,34,43,58,600,False,False,True,False,False,True
58,100,61,28,74,35,600,True,False,False,False,False,False
57,100,64,29,55,39,600,False,False,False,False,False,True
72,110,80,37,40,59,600,False,False,True,False,False,True
68,100,69,30,51,48,600,False,True,False,False,False,True
79,100,73,33,48,58,600,False,False,True,False,False,True
49,100,60,30,68,37,600,True,False,False,False,False,False
54,100,64,28,48,44,600,False,False,False,False,False,True
64,100,66,31,71,43,600,True,False,False,False,False,True
98,123,87,38,34,82,600,False,False,True,False,True,False
60,100,69,32,44,45,600,False,False,False,False,False,True
86,109,86,38,39,74,600,False,False,True,False,True,False
72,100,73,33,47,53,600,False,False,True,False,False,True
68,100,76,33,76,54,600,True,False,False,False,True,False
100,132,85,41,32,77,600,False,False,True,False,True,False
80,103,75,33,43,49,600,False,False,True,False,False,True
61,100,62,27,67,35,600,True,False,False,False,False,False
64,100,67,30,46,41,600,False,False,False,False,False,True
57,100,67,30,54,44,600,False,False,False,False,False,True
45,100,53,26,52,25,480,False,False,False,True,False,False
54,100,66,28,48,40,600,False,False,False,False,False,True
89,114,88,40,38,80,600,False,False,True,False,True,False
64,100,71,35,49,51,600,False,False,True,False,False,True
65,100,67,32,80,43,600,True,False,False,False,False,True
67,100,72,34,79,52,600,True,False,False,False,False,True
32,100,48,22,62,20,389,False,False,False,True,False,False
34,100,52,22,59,22,428,False,False,False,True,False,False
67,100,73,35,46,58,600,False,False,True,False,False,True
47,100,55,24,52,25,466,False,False,False,True,False,False
62,100,63,30,48,37,600,False,False,False,False,False,True
63,100,63,27,70,37,600,True,False,False,False,False,False
44,100,48,25,63,23,414,False,False,False,True,False,False
42,100,54,28,49,27,570,False,False,False,False,False,False
49,100,57,26,55,29,600,False,True,False,False,False,False
92,113,87,42,31,83,600,False,False,True,False,True,False
80,102,72,36,45,51,600,False,False,True,False,False,True
82,100,79,37,44,68,600,False,False,True,False,True,False
61,100,65,30,45,39,600,False,False,False,False,False,True
52,100,62,31,69,39,600,True,False,False,False,False,False
59,100,65,30,69,39,600,True,False,False,False,False,False
50,100,57,25,57,31,568,False,False,False,False,False,False
74,100,78,37,40,60,600,False,False,True,False,True,False
87,106,88,38,31,82,600,False,False,True,False,True,False
67,100,63,28,47,42,600,False,False,False,False,False,True
97,119,84,40,34,73,600,False,False,True,False,True,False
73,100,71,36,47,51,600,False,False,True,False,False,True
57,100,62,29,56,34,600,False,True,False,False,False,False
62,100,70,29,52,45,600,False,True,False,False,False,True
91,124,85,40,34,81,600,False,False,True,False,True,False
62,100,72,31,47,49,600,False,False,False,False,False,True
85,114,82,41,38,78,600,False,False,True,False,True,False
60,100,62,29,46,35,600,False,True,False,False,False,True
67,100,66,33,46,42,600,False,False,True,False,False,True
87,100,77,38,42,58,600,False,False,True,False,False,True
